{
    "ietf-interfaces:interfaces": {
        "interface": [
            {
                "name": "GigabitEthernet1",
                "type": "iana-if-type:ethernetCsmacd",
                "enabled": true,
                "ietf-ip:ipv4": {
                    "address": [
                        {
                            "ip": "198.18.134.11",
                            "netmask": "255.255.192.0"
                        }
                    ]
                },
                "ietf-ip:ipv6": {}
            },
            {
                "name": "GigabitEthernet2",
                "type": "iana-if-type:ethernetCsmacd",
                "enabled": true,
                "ietf-ip:ipv4": {
                    "address": [
                        {
                            "ip": "172.16.255.1",
                            "netmask": "255.255.255.0"
                        }
                    ]
                },
                "ietf-ip:ipv6": {}
            },
            {
                "name": "Loopback0",
                "description": "loop 0",
                "type": "iana-if-type:softwareLoopback",
                "enabled": true,
                "ietf-ip:ipv4": {
                    "address": [
                        {
                            "ip": "10.0.0.1",
                            "netmask": "255.255.255.255"
                        }
                    ]
                },
                "ietf-ip:ipv6": {}
            }
        ]
    }
}
